id,book_name,character,caption,backstory,ground_truth,prediction,llm_reasoning
137,The Count of Monte Cristo,Faria,The Origin of His Connection with the Count of Monte Cristo,"Suspected again in 1815, he was re-arrested and shipped to the Château d’If, this time for life.",0,0,"Logic Audit: The arrival date and duration of Faria's imprisonment at the Château d’If.

Reasoning: The Context (Entity: Abbé Faria and Entity: Château dIf) explicitly states that Faria has been confined in the Château d’If since 1811, following a three-year stint at the Fortress of Fenestrelle. The Backstory Claim asserts that he was re-arrested and shipped to the Château d’If in 1815. These two timelines are mutually exclusive; Faria cannot be already serving a sentence in the prison starting in 1811 while simultaneously being arrested and sent there as a new prisoner in 1815. This violates Rule 2 (Attribute Exclusivity), as the character's history of incarceration at that specific location cannot accommodate both start dates.

Verdict: CONTRADICT"
109,The Count of Monte Cristo,Noirtier,The Complexity of Family and Personal Life,Villefort’s drift toward the royalists disappointed him; father and son argued politics at every family gathering.,0,1,"Logic Audit: The Context identifies M. Noirtier as a ""Bonapartist"" and ""Girondin"" (Entity: M. Noirtier, Citizen Noirtier) and his son, Villefort, as a ""staunch royalist"" who has ""disowned his father's political principles"" (Entity: M. de Villefort; Document Chunk Chapter 6). Their relationship is explicitly described as ""strained"" and marked by ""personal conflict"" (Relationship: M. Noirtier & Villefort).

Reasoning: The backstory claim regarding Noirtier's disappointment and their frequent political arguments is logically supported by the established attributes of the characters. The Context confirms they hold ""diametrically opposite principles"" and that their interactions involve ""trying conversation"" regarding the political balance of France (Document Chunk Chapter 12). While the Context does not explicitly document every single family gathering, it confirms the ongoing nature of their ideological rift and mutual tension. Under Rule 4 (The Open World Assumption), since the Context is silent on the specific frequency of these arguments but confirms the underlying conflict and opposing roles, the claim is consistent with the narrative.

Verdict: CONSISTENT"
104,The Count of Monte Cristo,Noirtier,Involvement and Turning Point in the French Revolution,"His parents were targeted in a reprisal for supporting the Revolution; his mother was killed, deepening his distrust of authority.",1,1,"Logic Audit: The Context describes Noirtier’s own political history as a Girondin and a ""sufferer"" during the Reign of Terror who nearly lost his head on the scaffold, but it is entirely silent regarding the identities or fates of Noirtier’s parents.

Reasoning: According to Rule 4 (The Open World Assumption), if the Context is silent regarding a specific detail, that detail must be assumed to be possible. While the Context confirms Noirtier was a revolutionary (a Girondin) who faced persecution, it does not provide any information that would negate the claim that his mother was killed in a reprisal. Because there is no direct factual conflict or attribute exclusivity regarding his parents' history, the backstory is logically permissible.

Verdict: CONSISTENT"
134,The Count of Monte Cristo,Faria,Secret Society and Political Struggle,After graduation a secret society enlisted him as strategist and propagandist in a campaign against corrupt rulers.,1,1,"Logic Audit: The Context identifies Faria's primary professional history as the ""secretary and intimate friend of Cardinal Spada"" and a ""tutor to his nephews"" for a period of ten years. It also specifies his political motive for imprisonment: a plan to unify Italy, which was betrayed by a ""crowned simpleton."" The Context is silent regarding Faria's specific activities immediately following his graduation or any enlistment as a ""propagandist"" for a ""secret society.""

Reasoning: According to Rule 4 (The Open World Assumption), the Context is a subset of the character's world and does not account for every moment of his life. While the Context focuses on his service to the Spada family and his subsequent political conspiracy, it does not explicitly state that he was never involved with a secret society or employed as a strategist/propagandist. These roles are not logically incompatible with his later position as a secretary to a Cardinal or his stated political ambitions. Since there is no direct factual negation or attribute exclusivity (Rule 2 or 3) that prevents him from having this backstory, it must be treated as possible.

Verdict: CONSISTENT"
88,The Count of Monte Cristo,Noirtier,Political Awakening in Youth,"Under the alias “Citizen Noirtier” he joined the Girondins, drafted parts of the Revolutionary Code and broke with Robespierre over whether courts should keep formal procedures.",1,1,"Logic Audit: The Context confirms that the character was known as ""Citizen Noirtier"" during the French Revolution and was a member of the ""Girondin"" faction (Document Chunks 1 & 3). It also establishes that he was a ""celebrated statesman"" who was active during the Reign of Terror.

Reasoning: The Backstory Claim regarding the drafting of the Revolutionary Code and the specific nature of his disagreement with Robespierre (formal court procedures) is not explicitly mentioned in the provided text. However, the Context is silent on these specific biographical details and does not provide any information that would make these actions logically impossible or chronologically inconsistent with his established role as a revolutionary Girondin. According to Rule 4 (The Open World Assumption), the absence of specific evidence in the Context is not evidence of a contradiction.

Verdict: CONSISTENT"
112,The Count of Monte Cristo,Noirtier,Wisdom and Influence in the Post-Revolution Era,"Through underground circles he met the Count of Monte Cristo and fed the avenger vital information, lending invisible aid to the plot against his enemies.",0,1,"Logic Audit: The context confirms that Noirtier (the elderly paralytic) and the Abbé Busoni (a known alias of the Count of Monte Cristo) met privately and ""conversed"" in the chamber of death. It also establishes that Noirtier possesses significant knowledge of past political secrets and shares a common adversary in his son, M. de Villefort.

Reasoning: The narrative explicitly places Noirtier and the Count (as Busoni) in a private setting where they are the ""sole guardians"" of Valentine, noting that their conversation restored Noirtier’s courage. Furthermore, the context describes Noirtier’s history as a Jacobin conspirator and his willingness to use ""terrible theories"" and ""possibilities"" to achieve his ends. Since the context confirms they met, communicated, and shared a mutual interest in undermining M. de Villefort’s household, the claim that he provided aid and information is logically supported. Under Rule 4, the absence of a specific list of every piece of information exchanged does not create a contradiction.

Verdict: CONSISTENT"
102,The Count of Monte Cristo,Noirtier,Involvement and Turning Point in the French Revolution,"During the Revolution he acted as a militant republican, attended major assemblies and helped organise trials of royalists.",1,1,"Logic Audit: The context identifies the character as ""Citizen Noirtier,"" a ""Girondin of ’93,"" and an ""old Jacobin"" who was a ""notable figure"" during the French Revolution.

Reasoning: The backstory claim asserts that Noirtier was a militant republican who participated in revolutionary assemblies and trials. The context explicitly confirms his identity as a member of the ""Girondin"" and ""Jacobin"" factions—the primary political groups responsible for the republican movement and the administration of the Revolution. While the context does not provide a play-by-play list of the specific trials he organized, it establishes his role as a prominent revolutionary figure (""Citizen Noirtier"") during the exact timeframe mentioned. Under Rule 4, since the context confirms his political status and is silent on the specific details of his assembly attendance or trial organization, these activities are logically consistent with his established character history.

Verdict: CONSISTENT"
92,The Count of Monte Cristo,Noirtier,A Double Life in the Napoleonic Era,"**Father-son Rift**: Discovering that his elder son Gérard (Villefort) sought to wed into the old aristocracy, Noirtier publicly burned the Saint-Méran betrothal contract (1804), forcing Villefort to flee to Paris overnight.",0,0,"Logic Audit: The backstory claim asserts that Noirtier burned the Saint-Méran betrothal contract in **1804**, forcing Villefort to flee to Paris. However, the Context (Entity: Gérard de Villefort; Document Chunks 0087m, 0159m) establishes that the betrothal to Mademoiselle de Saint-Méran is an active, ongoing event in **1815**.

Reasoning: 
1. **Factual Negation (Rule 3):** The backstory claims the Saint-Méran marriage contract was destroyed and the relationship severed in 1804. The novel's narrative (Context 0087m and 0159m) explicitly shows the betrothal is active in 1815, with the Saint-Méran family hosting a festival for Villefort and the marriage only being ""put off"" due to Napoleon's return from Elba in 1815, not a prior burning of the contract.
2. **Chronological Impossibility:** The Knowledge Graph identifies Gérard de Villefort as being **twenty-seven years old** in 1815. This would make him approximately **sixteen years old** in 1804. It is logically inconsistent for a sixteen-year-old to be a high-ranking magistrate (Deputy Attorney) seeking an aristocratic marriage contract that would force a flight to Paris, as his career and the Saint-Méran alliance are central to his adult life in 1815.
3. **Identity Conflict:** The Context (0087m) shows that in 1815, Villefort is currently in the process of ""laying aside the name of his father"" to appease the Saint-Mérans. If the contract had been publicly burned and he had fled eleven years prior, this negotiation would not be the fresh, active conflict described in the text.

Verdict: CONTRADICT"
107,The Count of Monte Cristo,Noirtier,Political Intrigue and Personal Ambition,Napoleon’s triumph at Waterloo ended his hopes; in 1815 he withdrew from active plotting and turned to family affairs.,0,0,"Logic Audit: The context defines Waterloo as the battle that ""marked the end of Napoleon's rule,"" whereas the claim characterizes it as a ""triumph."" Furthermore, the context describes M. Noirtier in 1815 as being ""all powerful at court"" and a ""celebrated statesman involved in Bonapartist conspiracies during the Bourbon restoration,"" specifically linking him to the ""1815 assassination"" of General Quesnel.

Reasoning: The backstory claim asserts that Noirtier ""withdrew from active plotting"" in 1815. This is a direct contradiction of the narrative context, which portrays him as a central, active figure in the political conspiracies of 1815, including his role in the Hundred Days and the assassination of a political rival. Additionally, the claim's description of Waterloo as a ""triumph"" for Napoleon contradicts the context's factual established outcome of the battle as the end of his reign. This constitutes a violation of Rule 3 (Factual Negation).

Verdict: CONTRADICT"
89,The Count of Monte Cristo,Noirtier,Political Awakening in Youth,"**Turning Point**: Arguing for procedural justice at Louis XVI’s trial (1793) he was driven from the inner circle, an experience that later anchored his insistence on legal formalism.",0,1,"Logic Audit: The context identifies Noirtier as a ""Girondin of ’93"" and a ""notable figure"" during the French Revolution. It does not explicitly detail his specific arguments during the trial of Louis XVI (1793) or the exact internal politics that led to his shift in status.

Reasoning: According to Rule 4 (The Open World Assumption), the context is a subset of the narrative and its silence on a specific detail does not equate to a contradiction. The backstory claim that Noirtier was active in 1793 and held a specific political/legal stance is entirely compatible with the context's identification of him as a ""Girondin of ’93."" Furthermore, the claim that he was ""driven from the inner circle"" aligns with the historical and narrative arc of the Girondin faction, which was purged during the Revolution. Since no provided data negates his presence at the trial or his insistence on legal formalism, the claim is logically permissible.

Verdict: CONSISTENT"
99,The Count of Monte Cristo,Noirtier,Early Life and Political Awakening,"Born into a Parisian legal family, he absorbed his father’s staunch republicanism and his mother’s gentler sensibility, learning to balance reason with feeling.",1,1,"Logic Audit: The backstory claim concerns Noirtier’s family origins, the source of his political ideologies (republicanism from his father), and his emotional temperament (sensibility from his mother).

Reasoning: The retrieval context identifies Noirtier as a ""Girondin of ’93,"" an ""old Jacobin,"" and a ""Citizen,"" all of which are synonymous with the staunch republicanism mentioned in the claim. While the context is silent regarding Noirtier’s own parents or his specific childhood in a ""Parisian legal family,"" Rule 4 (The Open World Assumption) dictates that such details are possible as long as they do not contradict established facts. Furthermore, the characterization of balancing ""reason with feeling"" is supported by the narrative's depiction of him as both a calculating, ""inflexible"" statesman and a man of ""paternal tenderness"" who shows ""deep emotional connection"" and ""grief"" regarding his granddaughter, Valentine.

Verdict: CONSISTENT"
123,The Count of Monte Cristo,Faria,Foreshadowing of Relationships,"In Rome he and Noirtier de Villefort studied Napoleon’s secret letters together, then quarrelled over whether to publish their contents.",1,1,"Logic Audit: The Retrieval Context identifies Abbé Faria as a scholarly prisoner in the Château d’If who mentored Edmond Dantès and possessed a significant manuscript. It identifies M. Noirtier (Noirtier de Villefort) as a celebrated Bonapartist statesman and the father of Gérard de Villefort. The context mentions that Faria had experiences by the Arno (Italy) and that Noirtier was involved in political conspiracies and correspondence related to Napoleon.

Reasoning: 
1. **Rule 4 (The Open World Assumption)** applies here. The context provides details about Faria's time in prison and Noirtier's political life in France, but it is entirely silent regarding their activities or relationship prior to Faria's imprisonment. 
2. There is no statement in the context asserting that Faria and Noirtier never met, nor is there a comprehensive biography of either character that excludes a shared history in Rome. 
3. The context confirms Faria spent time in Italy (the Arno) and that Noirtier was a high-ranking Bonapartist involved with Napoleon's letters (as seen in the letter Dantès carried). These attributes are compatible with the claim that they studied Napoleon's secret letters together in Rome.
4. While the context describes Faria as ""gentleness itself,"" a scholarly quarrel over the publication of sensitive political documents does not create a logical impossibility or a violation of **Rule 2 (Attribute Exclusivity)**.

Verdict: CONSISTENT"
116,The Count of Monte Cristo,Faria,The Origin of Political Intrigue,"In Lisbon he backed constitutionalist Prince Pedro, was branded a Jacobin plotter out to poison King John VI and fled conservatives’ pursuit.",0,0,"Logic Audit: Faria's political ideology and moral stance on violence (Citing Entity: ""Jacobin"", Entity: ""Faria"", and Document Chunks 7 & 9).

Reasoning: 
1. **Ideological Contradiction:** The Backstory claims Faria was a ""Jacobin plotter."" The Context defines a Jacobin as a member of a group known for ""advocacy for republicanism."" However, the Context explicitly states that Faria’s life's work and political ambition were to ""form one large, compact, and powerful empire"" and that he authored a ""great work on the monarchy of Italy."" A proponent of an imperial monarchy cannot simultaneously be a Jacobin advocate for republicanism. This violates **Rule 2 (Attribute Exclusivity)**.
2. **Moral Contradiction:** The Backstory claims Faria was ""out to poison King John VI."" In the Context, Faria explicitly refuses to use violence to escape prison, stating, ""I cannot so easily persuade myself to pierce a heart or take away a life."" He further explains that he ""loathes the idea of blood"" due to his ""natural construction and physiological formation."" A character defined by a ""natural repugnance"" to taking life, who refuses to kill a guard even to gain his freedom, cannot logically be a regicidal poisoner. This violates **Rule 2 (Attribute Exclusivity)** and **Rule 3 (Factual Negation)**.
3. **Geographic/Narrative Conflict:** The Backstory places the ""Origin of Political Intrigue"" in Lisbon, Portugal, involving Prince Pedro. The Context identifies the origin of Faria's imprisonment and intrigue as a plan to unify Italy, resulting in his arrest at Piombino (Italy) in 1807. While not a direct impossibility under Rule 4, it conflicts with the character's established identity as an Italian scholar-patriot.

Verdict: CONTRADICT"
108,The Count of Monte Cristo,Noirtier,The Complexity of Family and Personal Life,"He married a gentle apolitical woman, hoping domestic peace would replace political strife, and pinned on his son Villefort the hope that the boy would carry his ideals forward.",1,1,"Logic Audit: The Context is silent regarding the identity or temperament of Noirtier’s wife (the mother of M. de Villefort), as well as the specific nature of Noirtier's early parental hopes for his son's career.
Reasoning: According to Rule 4 (The Open World Assumption), the absence of information in the Context regarding a character's marriage or past internal motivations does not constitute a contradiction. The Context confirms that Noirtier was a ""celebrated statesman"" and a ""Jacobin"" involved in ""political strife"" and ""stormy times,"" which provides a logical basis for a character seeking ""domestic peace."" Furthermore, while the Context establishes that Noirtier and Villefort eventually developed opposing political views (Bonapartist/Jacobin vs. Royalist) and a strained relationship, it does not negate the possibility that Noirtier originally hoped his son would adopt his ideals. The son ""distancing himself"" from his father's beliefs (as noted in the Context) implies that those ideals were a point of contention, which is consistent with a father's failed hope.
Verdict: CONSISTENT"
128,The Count of Monte Cristo,Faria,The Origin of the Key Artifact,"His invisible-ink formula came from temple-mural restoration in India, first used to rescue local epics the colonists had defaced.",1,0,"Logic Audit: The origin and composition of Faria's ink are explicitly defined as a prison-made mixture of soot and wine (Entity: Ink; Relationship: Faria-Ink).

Reasoning: The backstory claim that Faria's ink formula originated from temple-mural restoration in India contradicts the specific narrative account provided in the text. Faria explicitly explains to Dantès that he created his ink by dissolving soot from a disused fireplace in his cell into his weekly ration of wine. Furthermore, the ""mysterious and sympathetic ink"" (invisible ink) mentioned in the narrative is an attribute of the 15th-century Spada manuscript which Faria discovered, not a formula he brought from India or used to rescue epics. This constitutes a direct conflict between the backstory's origin of the tool and the novel's established facts. This violates Rule 3 (Factual Negation).

Verdict: CONTRADICT"
113,The Count of Monte Cristo,Faria,Early Academic Background,"Born in Parma to a theological family—his father studied ancient manuscripts, his mother wrote poetry in several tongues.",0,0,"Logic Audit: The Knowledge Graph entry for the location ""Rome"" explicitly identifies it as the ""birthplace of Abbé Faria.""

Reasoning: The backstory claim asserts that Faria was born in Parma. However, the narrative context provides a specific and conflicting origin, stating he was born in Rome. According to Rule 2 (Attribute Exclusivity), an entity cannot have two mutually exclusive birthplaces. Therefore, the claim is a direct factual negation of the established narrative.

Verdict: CONTRADICT"
139,The Count of Monte Cristo,Faria,Addendum to Character Relationships,"Enlightenment ideals of liberty, equality and fraternity sustained him, turning even the dungeon into a classroom for hope.",1,1,"Logic Audit: The context identifies Faria as a ""savant,"" ""abbé,"" and political prisoner who uses his confinement to produce a ""great work on the monarchy of Italy"" and to mentor Edmond Dantès in various ""sciences,"" ""languages,"" and ""moral instructions.""

Reasoning: The backstory claim aligns with the established narrative of Faria’s character. The context explicitly depicts Faria turning his cell into a place of intense intellectual production and education, which Dantès describes as a ""treasure"" more valuable than gold. Faria’s political background—specifically his desire to ""alter the political face of Italy"" and his focus on human ""intelligence that enables him to overcome the limitations of natural conditions""—is consistent with the application of Enlightenment-era values. While the specific triad of ""liberty, equality and fraternity"" is not verbatim in the provided text, Faria’s actions as a mentor and his pursuit of political reform make the claim a logically sound extension of his character's role as a source of hope and knowledge within the prison. Per Rule 4, the absence of a specific ideological label does not contradict the documented behavior that matches the label's description.

Verdict: CONSISTENT"
117,The Count of Monte Cristo,Faria,The Origin of Political Intrigue,While escaping he hid lifetime research manuscripts in a Madeira monastery cellar—the eventual clue to Monte Cristo’s treasure.,0,0,"Logic Audit: The character's status (deceased in prison) and the location of his research/clues (prison cell cavity).

Reasoning: The backstory claim contradicts the novel's narrative on several factual points based on Rule 3 (Factual Negation). First, the claim states Faria hid manuscripts ""while escaping""; however, the context establishes that Faria never escaped, but rather died in the Château d’If after a series of strokes. Second, the claim places his research manuscripts in a ""Madeira monastery cellar,"" whereas the context explicitly states his work (the manuscript on the kingdoms of Italy) and his ""treasures"" were kept in a ""Cavity"" beneath the hearth in his prison cell. Third, the clue to the treasure was a specific burnt paper (the Spada letter) that Faria possessed and reconstructed while in his dungeon, not a manuscript hidden in Madeira.

Verdict: CONTRADICT"
122,The Count of Monte Cristo,Faria,Foreshadowing of Relationships,At a Vienna-congress salon he briefly watched young prosecutor Villefort tamper with evidence against an Italian revolutionary.,0,0,"Logic Audit: Faria’s location and status during the 1814–1815 period.

Reasoning: The backstory claim asserts that Faria was present at the Vienna Congress (which took place from September 1814 to June 1815) and witnessed Villefort tampering with evidence. However, the Context (Document Chunk regarding the prison register) establishes that Faria was already an inmate at the Château d’If prior to Edmond Dantès’ arrival in 1815; the inspector finds Faria’s entries in the register before reaching Dantès’ 1815 deposition. Under **Rule 2 (Attribute Exclusivity)**, Faria cannot be a long-term prisoner in a French dungeon and a guest at a Vienna diplomatic salon during the same timeframe. Furthermore, the Context (Relationship: Dantès and Faria) characterizes Faria as a mentor who uses ""rays of intelligence"" and logical deduction to help Dantès identify his enemies, which contradicts the claim that Faria had prior eyewitness knowledge of Villefort’s corruption.

Verdict: CONTRADICT"
98,The Count of Monte Cristo,Noirtier,Resolution of Original Issues,"Hidden Waterloo-era diplomatic letters in his study ensured that political foes dared not silence him, explaining how he could still shield Valentine after losing the power of speech.",0,0,"Logic Audit: The Backstory Claim identifies the hidden documents as ""Waterloo-era diplomatic letters,"" whereas the Context (Document Chunks 7 and 8) identifies the specific hidden documents in Noirtier's study as an ""Extract of the report of a meeting of the Bonapartist Club"" from February 5th, 1815.

Reasoning: The Context describes the exact contents of the papers hidden in Noirtier's secret drawer (the ""secretaire""). These papers are minutes from a political club meeting that detail the disappearance and death of General de Quesnel (Franz d'Épinay's father). The Backstory Claim's assertion that these documents are ""diplomatic letters"" from the ""Waterloo-era"" (which occurred months after the February date cited in the text) constitutes a direct factual conflict regarding the nature and origin of the artifact. Under Rule 3 (Factual Negation), two conflicting descriptions of the same specific object/event cannot both be true.

Verdict: CONTRADICT"
120,The Count of Monte Cristo,Faria,Life in Captivity Before Château d'If,"He invented a “salt-blood” ink that revealed under heat, used it to help a Corsican patriot escape, and was transferred to the more secure Château d’If for the trouble.",1,1,"Logic Audit: The Context identifies Faria’s ink as being made from ""soot dissolved in wine"" or, for important notes, his own ""blood"" (Entity: Ink; Chapter 16). It also states he was arrested in 1807 for a political plot to unify Italy and was transferred from the Fortress of Fenestrelle to the Château d’If after three years (Entity: Abbé Faria; Entity: Fortress of Fenestrelle; Chapter 16).

Reasoning: While the Context specifies that Faria currently uses soot-based ink or blood in the Château d’If, it does not state that these are the *only* types of ink he has ever invented or used. As a ""chemist"" and ""savant"" (Entity: Faria; Chapter 16), the invention of a ""salt-blood"" heat-sensitive ink is a plausible extension of his established resourcefulness. Furthermore, while the Context attributes his initial arrest to an Italian political conspiracy, it is silent on the specific circumstances or ""trouble"" that triggered his transfer from Fenestrelle to the ""more secure"" Château d’If. Under Rule 4 (The Open World Assumption), the absence of these specific details in the Context does not constitute a contradiction. The backstory claim provides additional history that fits within the established timeline and character attributes without violating any explicit factual negations.

Verdict: CONSISTENT"
105,The Count of Monte Cristo,Noirtier,Political Intrigue and Personal Ambition,"He became head of a clandestine anti-Bonaparte society, organising underground actions to sap the Emperor’s support.",0,0,"Logic Audit: The Context identifies M. Noirtier as a ""celebrated statesman involved in Bonapartist conspiracies"" and the ""vice-president of the Bonapartist Club."" It further describes him as someone who ""devotedly loved and served"" the Emperor and actively participated in ""every Bonapartist conspiracy set on foot during the restoration of the Bourbons.""

Reasoning: The backstory claim asserts that Noirtier was the head of an ""anti-Bonaparte society"" dedicated to ""sapping the Emperor’s support."" This is a direct logical inversion of his role in the novel. According to the Context, Noirtier was a primary supporter of Napoleon, a leader within Bonapartist organizations, and a conspirator working for the Emperor's return, not against it. This violates Rule 2 (Attribute Exclusivity), as the character cannot simultaneously be a devoted Bonapartist leader and the leader of a clandestine anti-Bonaparte society.

Verdict: CONTRADICT"
106,The Count of Monte Cristo,Noirtier,Political Intrigue and Personal Ambition,At a society meeting he met Fernand; though on opposite sides they used each other—Noirtier exploiting Fernand’s military information.,0,1,"**Logic Audit:** The Context identifies Noirtier as a high-ranking Bonapartist (Vice-president of the Bonapartist Club) and Fernand as a soldier who deserted Napoleon's army at Ligny to join the Bourbons, eventually becoming the Count de Morcerf through royalist favor.

**Reasoning:** The backstory claim asserts that Noirtier and Fernand met at a society meeting and exchanged military information despite being on opposite political sides. While the provided Context details Fernand’s military betrayals (Ligny, Ali Pasha) and Noirtier’s political maneuvers (the Bonapartist Club, the death of General Quesnel), it is entirely silent regarding any direct interaction, meeting, or information exchange between these two specific characters. According to **Rule 4 (The Open World Assumption)**, the absence of evidence in the Context is not evidence of a contradiction. Since there is no statement in the Context that categorically precludes them from meeting or asserts they remained unknown to one another, the claim is logically possible within the gaps of the provided narrative.

**Verdict:** CONSISTENT"
118,The Count of Monte Cristo,Faria,The Origin of Political Intrigue,"French gendarmes seized him at Toulon, accusing him of planning to bomb Bourbon restoration festivities; the real motive was that his code-breaking threatened a cardinal’s secret correspondence.",0,0,"Logic Audit: The origin and motive of Abbé Faria’s imprisonment. Context (Document Chunk 3) explicitly attributes his arrest to a political plan for Italian unification conceived in 1807.

Reasoning: The backstory claim asserts that Faria was arrested for a plot involving the Bourbon restoration (which occurred in 1814) and that the ""real motive"" involved code-breaking a cardinal's correspondence. However, the context provides a direct factual negation of this account. Faria himself states he is in prison because he sought to ""form one large, compact, and powerful empire"" in Italy in 1807 and was betrayed by a ""crowned simpleton."" The claim's timeline (Bourbon restoration) and specific motive (bombing/code-breaking) are mutually exclusive with the context's specific historical and political explanation for his incarceration. This violates Rule 3 (Factual Negation).

Verdict: CONTRADICT"
126,The Count of Monte Cristo,Faria,The Formation of Spiritual Traits,His sister was burned as a witch for spurning a nobleman; the injustice fed a lifelong hatred of institutional rot.,1,1,"Logic Audit: Faria’s familial history and the specific origins of his ideological motivations.

Reasoning: The provided context describes Faria as an abbé, a savant, and the former secretary to the Spada family who was imprisoned for his political views regarding the ""monarchy of Italy."" While the context details his intellectual pursuits, his relationship with Edmond Dantès, and his knowledge of the Spada treasure, it is entirely silent regarding his immediate family or siblings. Although the retrieval context mentions a ""Sister"" (belonging to Morrel) and a sister who was ""dreadfully burnt"" (belonging to the narrator Bertuccio in Chunk 8), these are distinct entities and events associated with other characters. There is no statement in the context that defines Faria’s family tree or explicitly lists his motivations in a way that excludes the death of a sister. According to **Rule 4 (The Open World Assumption)**, because the context is silent regarding Faria's siblings and the specific event of a sister being burned, the claim is not logically impossible within the provided narrative framework.

Verdict: CONSISTENT"
125,The Count of Monte Cristo,Faria,The Formation of Spiritual Traits,"In India he watched British troops crush a rising; to spare the rebel leader further torture he gave the man a merciful death, shaping his ethic of “killing when kindness demands it.”",1,0,"Logic Audit: Faria’s moral philosophy regarding the taking of human life.

Reasoning: The backstory claim asserts that Faria possesses an ethic of “killing when kindness demands it” based on a past act of mercy killing. However, the Context (Document Chunk 4) provides a direct contradiction. In the narrative, Faria explicitly states, “I cannot so easily persuade myself to pierce a heart or take away a life,” and clarifies that throughout his life he has been “merely waging war against circumstances, not men.” He further describes a “natural repugnance” to the commission of such a crime. The claim that he has previously killed a man and maintains a situational ethic for killing violates Rule 2 (Attribute Exclusivity), as his character is defined by a fundamental moral refusal to take life, even for the sake of his own liberty.

Verdict: CONTRADICT"
96,The Count of Monte Cristo,Noirtier,Completing Character Relationships,When he saw that Valentine had inherited his trembling hands he began training her to communicate by eye movement (1819); after his own paralysis the method evolved into a blink-code.,0,0,"Logic Audit: The Context (Chapter 58) defines the eye-communication system as a ""dumb language"" necessitated by M. Noirtier's state as a ""helpless invalid"" and ""paralytic"" whose body is ""immovable as a corpse."" It explicitly attributes the mastery of this language to Valentine’s ""love, patience, and devotion"" in learning to read his looks after he became ""utterly incapable of obeying [his] impulses.""

Reasoning: The Backstory Claim asserts that the communication method was initiated by Noirtier in 1819 to accommodate Valentine's ""trembling hands."" This contradicts the Context, which establishes the method as a functional response to Noirtier's own total paralysis. Furthermore, the Context describes the system as something Valentine ""learned to read"" due to his ""miserable body,"" rather than a technique he ""trained"" her in decades prior for her own physical tremors. Because the claim provides a mutually exclusive origin and timeline for the communication code, it violates Rule 3 (Factual Negation).

Verdict: CONTRADICT"
90,The Count of Monte Cristo,Noirtier,A Double Life in the Napoleonic Era,"To obtain royalist intelligence from the Vendée he married Éloïse, daughter of a ruined local noble (1800); when he learned she secretly backed the Chouans he arranged her “accidental” drowning (1802).",1,1,"Logic Audit: The Context defines Noirtier’s political trajectory (Girondin during the Revolution, Senator under Napoleon, and Bonapartist conspirator during the Restoration) and his familial role as the father of Villefort, but it is entirely silent regarding his marital history, the identity of his wife (or wives), or specific covert actions taken in the years 1800–1802.

Reasoning: According to **Rule 4 (The Open World Assumption)**, the absence of information in the Context regarding Noirtier’s personal life or specific espionage activities during the early Consulate period does not constitute a contradiction. The claim that Noirtier—a known revolutionary and ""celebrated statesman""—would infiltrate royalist circles (the Vendée/Chouans) to gather intelligence is logically compatible with his established history of political intrigue and his shift from a ""Citizen"" Girondin to a Napoleonic ""Senator."" There are no attributes in the Context (such as a different named wife or a conflicting location during those years) that create a logical impossibility.

Verdict: CONSISTENT"
100,The Count of Monte Cristo,Noirtier,Early Life and Political Awakening,"Growing up in Paris he devoured Voltaire and Rousseau, burning with enthusiasm for liberty and equality.",1,1,"Logic Audit: The context identifies Noirtier as a ""Jacobin"" and a ""Girondin of ’93,"" and explicitly references Jean Jacques Rousseau as a philosopher whose ideas are used within the narrative.

Reasoning: The backstory claim asserts that Noirtier was an enthusiast of liberty and equality who studied Enlightenment philosophers like Voltaire and Rousseau. This is logically consistent with the context, which labels Noirtier as a ""Jacobin"" and a ""Girondin""—the primary political factions of the French Revolution that were founded upon those specific philosophical ideals. While the context is silent on the specific details of his childhood reading habits, Rule 4 (The Open World Assumption) states that the absence of a specific detail in the context does not constitute a contradiction. The character's established political history as a revolutionary directly supports the attributes described in the backstory.

Verdict: CONSISTENT"
138,The Count of Monte Cristo,Faria,Addendum to Character Relationships,Long political warfare severed him from his family; the once-noble house declined and could offer no help.,1,1,"Logic Audit: The context confirms that Faria was imprisoned due to his political activities and ""gigantic plans"" to unify Italy (specifically his 1807 plan to form a ""large, compact, and powerful empire""). The context is silent regarding Faria's specific biological family or the status of his ancestral noble house, focusing instead on his relationship with the Spada family.

Reasoning: Under Rule 4 (The Open World Assumption), the absence of evidence in the provided text regarding Faria's family does not constitute a contradiction. The claim that he was severed from a noble house that had declined and could offer no help is logically consistent with his character's history of political agitation, his high level of education (typical of nobility or those associated with them), and his long, unassisted tenure in the Château d'If. There are no attributes in the context (Rule 2) or direct factual negations (Rule 3) that would prevent Faria from having a declined noble background.

Verdict: CONSISTENT"
130,The Count of Monte Cristo,Faria,The Answer to a Lingering Question,What seemed an epileptic fit was in fact sudden death from years of drinking prison water laced with lead.,0,0,"Logic Audit: The backstory claim attributes Faria's death to ""sudden death from years of drinking prison water laced with lead,"" whereas the context attributes it to a recurring medical condition (identified as catalepsy or a ""suffusion of blood on the brain"") consisting of three distinct attacks.

Reasoning: The claim violates Rule 3 (Factual Negation). The context explicitly describes Faria’s death as the result of a ""third attack"" of a recurring malady. The narrative establishes that the second attack did not cause ""sudden death"" but instead left Faria paralyzed in his right arm and left leg for a significant period (""half a dead body""), during which he continued to mentor Dantès. The claim that the event was ""in fact sudden death"" directly contradicts the established narrative fact that Faria survived the initial fits and lived for months in a paralyzed state before the final, fatal paroxysm. Additionally, the context provides a specific medical cause (catalepsy/apoplexy) recognized by both the character and the prison doctor, which the backstory claim attempts to negate.

Verdict: CONTRADICT"
