id,book_name,backstory,ground_truth,prediction,llm_reasoning
46,In Search of the Castaways,"Thalcave’s people faded as colonists advanced; his father, last of the tribal guides, knew the pampas geography and animal ways, while his mother died giving birth. Boyhood was spent roaming the plains with his father, learning to track, tame horses and steer by the stars.",1,1,"Logic Audit: The Context identifies Thalcave as a Patagonian Indian and a highly skilled guide (""baqueano"") with deep knowledge of the Pampas geography and animal behaviors (e.g., identifying ""aguaras"" and ""cholinas""). It also notes the ""abandonment of indigenous peoples"" in the region and Thalcave's own astonishment at the absence of other Indians. The Context is silent regarding Thalcave's specific parentage (his father's role or his mother's death) and the exact details of his boyhood.

Verdict: CONSISTENT

Reasoning: The backstory provides specific biographical details that are not explicitly mentioned in the retrieval context. According to Rule 4 (The Open World Assumption), because the Context is silent regarding Thalcave's parents and his specific upbringing, these details are considered logically possible. Furthermore, the skills Thalcave is said to have learned in his backstory (tracking, taming horses, and geography) are directly supported by the Context, which describes him as having ""exceptional skills in horsemanship,"" being ""knowledgeable about the terrain,"" and possessing ""highly-trained senses and natural instinct."" The ""fading"" of his people in the backstory is also consistent with the Context's description of the Pampas as a region associated with the ""abandonment of indigenous peoples."" No rules of negation or exclusivity are violated."
74,In Search of the Castaways,Before each fight he studied the crack-patterns of his mother’s shark-tooth necklace by moonlight to divine the outcome.,1,1,"Logic Audit: The Retrieval Context identifies ""The Shark"" as a large predatory fish (a ""balance-fish"") that was captured and dissected, leading to the discovery of a bottle containing documents. The context also describes various cultural artifacts and weapons used by characters, such as Thalcave's ""Bolas"" and Kai-Koumou's ""Méré."" However, there is no mention of a shark-tooth necklace or any divination rituals involving crack-patterns.

Verdict: CONSISTENT

Reasoning: The backstory is consistent with the retrieval context under Rule 4 (The Open World Assumption). While the context describes the encounter with a shark and the items possessed by various characters, it never asserts that shark-tooth necklaces are unavailable, nor does it provide an exhaustive list of every character's personal effects or spiritual practices. Because the context is silent regarding the existence or use of such a necklace, it does not logically preclude the character from possessing one or using it as described."
35,In Search of the Castaways,"The mutiny began when Captain Grant uncovered his forged logbook and threatened to report him; “marooning” was a botched silencing in which Ayrton, thinking fast, locked the captain inside the keel-less lifeboat.",0,0,"Logic Audit: The Context (Ayrton's confession in Chapter XLI/LVII) states that Captain Grant landed Ayrton on the west coast of Australia on April 8, 1862, as punishment for his mutiny.

Verdict: CONTRADICT

Reasoning: The Backstory asserts that Ayrton marooned Captain Grant by locking him inside a lifeboat to silence him. However, the Context explicitly reverses these roles: Captain Grant was the one who successfully suppressed the mutiny and ""did not hesitate to land"" Ayrton on a desert coast. Because the Context establishes that Ayrton was the victim of the abandonment and Grant was the authority who enforced it, the Backstory's claim that Ayrton marooned Grant is a direct contradiction of the event's outcome. This violates Rule 3 (Factual Negation) and Rule 2 (Attribute Exclusivity), as the status of ""marooned survivor"" and ""enforcing captain"" are mutually exclusive between these two accounts of the same conflict."
18,In Search of the Castaways,"He once found bribery entries in his father’s old ledgers, reported them, and saw his father’s colleague dismissed; temporary gossip made him wary of the upper nobility.",1,1,"Logic Audit: The Retrieval Context is silent regarding the character's early life, specifically concerning ledgers, bribery reports, or the dismissal of a father's colleague.

Verdict: CONSISTENT

Reasoning: The Backstory provides specific biographical details about a character's past actions and motivations. The Retrieval Context focuses on the narrative of the search for Captain Grant, the treachery of Ayrton (Ben Joyce), and the logistical details of the expedition. None of the provided Knowledge Graph entries or Document Chunks describe the childhood or early career of the characters (such as Lord Glenarvan or Major MacNabb) in a way that precludes them from having had this experience. Under Rule 4 (The Open World Assumption), because the Context does not explicitly negate these events or provide a conflicting history for the character's father, the Backstory is logically possible within the gaps of the provided information."
31,In Search of the Castaways,"He rescued the indigenous elder Yurook from colonists and gained tribal protection, learning bush tracking while secretly mapping settler outposts.",1,1,"Logic Audit: The name ""Yurook"" and the specific event of ""mapping settler outposts"" are not present in the Retrieval Context.
Verdict: CONSISTENT
Reasoning: According to **Rule 4 (The Open World Assumption)**, the absence of evidence is not evidence of contradiction. The Context is a subset of the narrative and does not provide an exhaustive list of every indigenous person encountered"
68,In Search of the Castaways,"At ten, migrating with his clan, a flame-shaped birth-mark on his forehead convinced elders he was the reincarnation of the “sun-devouring warrior.” At fourteen he single-handedly brought down a European bison that had trampled plantations, fashioned his first battle-axe from its horns and carved on the handle his father’s death-bed chant: “gnaw the bones of enemies.”",1,1,"Logic Audit: The Backstory describes an unnamed individual's tribal upbringing, a specific physical attribute (flame-shaped birthmark), and a feat of strength involving a ""European bison"" and a ""battle-axe"" inscribed with a ""death-bed chant."" The Retrieval Context provides detailed descriptions of characters (Glenarvan, Robert Grant, Thalcave, Kai-Koumou), fauna"
9,In Search of the Castaways,"He accidentally slipped a farewell letter to his French sweetheart into an academic report; the romance ended, yet the Academy of Sciences praised the document.",1,1,"Logic Audit: The Backstory describes a specific incident involving a ""farewell letter to a French sweetheart"" being slipped into an ""academic report,"" which was subsequently praised by the ""Academy of Sciences."" The Retrieval Context focuses on Jacques Paganel, the Secretary of the Geographical Society of Paris, and his history of ""blunders"" and ""absent-mindedness"" regarding documents (specifically writing ""New Zealand"
84,In Search of the Castaways,"In a skirmish at a British outpost friendly fire killed several of his comrades; he took bones from their bodies as tokens, swore to shield the survivors and from that moment sealed his emotions.",1,1,"Logic Audit: The Backstory describes a character who ""sealed his emotions"" following a traumatic event involving friendly fire and the collection of human bones as tokens. The Retrieval Context provides detailed character profiles for the primary male figures in the narrative (Glenarvan, Harry Grant, Robert Grant, Paganel, and Captain Mangles). Specifically, the Context describes **Glenarvan** as being ""marked by deep emotional"
83,In Search of the Castaways,"At eighteen, on the run in Tasmania, he met the escaped convict Ayrton hiding in the bush; the two fugitives pooled their languages and survival skills, raided together for ransom and forged a brotherhood laced with mutual wariness.",0,1,"Logic Audit: The Context describes Ayrton's history following his time on the *Britannia* as being cast into the breakers of Twofold Bay (or abandoned near Perth), subsequently being captured by a native tribe in the interior of Australia (specifically the Darling region), and enduring ""two long years"" of ""painful slavery"" and a ""very wretched existence."" The Backstory, however, claims that"
67,In Search of the Castaways,"Born on New Zealand’s North-island east coast to a Maori war-chief father and a priestess mother skilled in herbs and star-reading, he saw his father ambushed by a British musket squad, the body mutilated, the left ear taken as trophy; his mother tattooed a vengeance curse on his chest with ochre.",1,1,"Logic Audit: The backstory describes a Maori individual born to a war-chief and a priestess, centered on themes of British military conflict, the taking of body trophies, and ritual tattooing. The Retrieval Context provides data on the Maori people, their warrior culture, the British colonization of New Zealand, and specific instances of tattooing and trophy-taking.

Verdict: CONSISTENT

Reasoning: 
1. **Categorical Availability (Rule 1):** The Context confirms the existence of the necessary classes for the backstory. It identifies ""Maori Chiefs"" as high-ranking warriors, ""New Zealand"" as a colonized territory under the ""Treaty of 1814"" (British governance), and ""Maoris"" as a group involved in ""Conflict and Bloodshed"" with Europeans.
2. **Attribute Alignment (Rule 2):** The attributes of the Maori in the Context match the backstory. The Context describes chiefs with ""distinct tattoos"" and the practice of displaying ""The Heads"" of hostile chiefs as trophies. This aligns with the backstory's mention of a ""vengeance curse"" tattoo and the father's ear being taken as a trophy.
3. **Factual Compatibility (Rule 3):** There is no direct conflict between the events of the backstory and the specific events in the Context (such as the ""1864 Incident"" or the death of ""Kara-Tété""). The backstory describes a private family history that does not negate the documented deaths of other chiefs in the text.
4. **Open World Assumption (Rule 4):** While the Context does not explicitly name the subject's father or mother, it is silent regarding the total genealogy of the Maori tribes. Therefore, the existence of this specific family and their fate is logically possible within the established setting of 19th-century New Zealand as described in the documents."
79,In Search of the Castaways,"After the killing, elders held a “Blood-and-Bone” rite; he lifted fragments of his mother’s burnt bones to his lips to “breathe in her spirit,” a ritual he repeated whenever catastrophe loomed, turning him gloomy yet unyielding.",0,1,"Logic Audit: The Backstory describes a ""Blood-and-Bone"" rite involving the ""burnt bones"" of a mother following a ""killing."" The Retrieval Context provides a detailed account of the funeral rites following the ""killing"" of the chief Kara-Tété and his wife. According to the Context, the bodies of the chief and his wife were ""folded together, in a sitting posture, and tied"
55,In Search of the Castaways,"His first double role: hired by a British Geographical Society expedition, he quietly altered the route to shield sacred Indian sites.",1,0,"Logic Audit: The Context identifies Jacques Paganel's mission to India as a failure caused by a ""blunder"" and ""the height of absent-mindedness,"" specifically noting that he mistakenly boarded the *Duncan* (bound for South America) instead of the *Scotia* (bound for India). The Context explicitly states he must ""give up the pleasure of seeing India"" because he is ""turning [his] back upon the Indian peninsula.""

Verdict: CONTRADICT

Reasoning: 
1. Rule 3 (Factual Negation): The Backstory claims Paganel ""altered the route"" of an expedition to India to ""shield sacred Indian sites."" However, the Context establishes that Paganel never reached India at all during this mission; he accidentally traveled to the wrong continent (South America). It is logically impossible to alter a route to shield sites within a destination one never reached.
2. Rule 2 (Attribute Exclusivity): The Context characterizes the change in Paganel's route as an unintentional ""blunder"" and a result of being ""absent-minded."" The Backstory characterizes the route change as a ""quietly altered"" intentional act performed as part of a ""double role."" These are mutually exclusive attributes (Accidental vs. Intentional) for the same event (the deviation from the planned Indian mission).
3. Rule 2 (Attribute Exclusivity): The Context identifies Paganel as the ""secretary of the Geographical Society of Paris"" (French) with a mission arranged by his ""colleague, M. Vivien de Saint Martin."" The Backstory identifies him as being hired by a ""British"
12,In Search of the Castaways,He declined to take part in charting the maiden voyage of the Britannia; when news of her wreck arrived he filled three diary pages with the sentence “I could have prevented it.”,0,1,"Logic Audit: The Retrieval Context confirms the existence of the ship *Britannia*, its purpose for exploration (built by Harry Grant), and its eventual shipwreck in June 1862. It identifies key personnel such as Captain Harry Grant and Quartermaster Ayrton. However, the context is silent regarding the specific details of the *Britannia*'s maiden voyage, who was invited to chart it, or any specific diary entries made by individuals upon hearing news of the wreck.

Verdict: CONSISTENT

Reasoning: The backstory provides a specific personal anecdote regarding an unnamed individual's reaction to the *Britannia*'s wreck. While the context provides extensive details about the ship's fate and the subsequent search, it does not contain an exhaustive history of every person associated with the ship's early planning or their private writings. According to **Rule 4 (The Open World Assumption)**, the absence of evidence regarding this specific diary entry or the refusal to chart the maiden voyage does not constitute a contradiction. The backstory's claims can coexist with the established facts of the shipwreck without violating any categorical negatives or attribute exclusions."
13,In Search of the Castaways,His deference to Lady Glenarvan echoed the tangled feelings he had once held for his mother; by becoming the expedition’s “living map” he tried to atone for failing to protect her.,1,1,"Logic Audit: The Retrieval Context identifies Jacques Paganel as the ""worthy geographer"" who provides ""critical information and guidance"" and ""navigation"" for the expedition, effectively serving the role of a ""living map."" The Context is silent regarding Paganel's maternal history, his psychological motivations for joining the expedition, or any specific feelings of ""atonement."" While the Context does provide a specific maternal history"
1,In Search of the Castaways,"At twelve, Jacques Paganel fell in love with geography after reading Captain Cook’s nautical journal; with a homemade telescope he studied the stars and papered his bedroom walls with maps he drew himself, earning his father’s scolding for neglecting “serious” pursuits.",1,1,"Logic Audit: The Context identifies Jacques Paganel as a ""learned geographer,"" the ""secretary of the Geographical Society of Paris,"" and an individual ""meticulous about his equipment, particularly his telescope."" It also confirms Captain Cook as a historical navigator. The Context is silent regarding Paganel’s childhood at age twelve, his father’s scolding, or the specific origin of his first telescope.

Verdict: CONSISTENT

Reasoning: The Backstory provides specific biographical details that are not present in the Retrieval Context. However, according to Rule 4 (The Open World Assumption), the Context is a subset of the world and its silence on these specific details does not constitute a contradiction. The Backstory's claim that Paganel was obsessed with geography, maps, and telescopes from a young age is logically compatible with the Context's description of him as a ""passionate geographer"" and ""distinguished scholar"" who is ""meticulous"" with his navigational instruments. No categorical unavailability (Rule 1), attribute exclusivity (Rule 2), or factual negation (Rule 3) exists to invalidate the Backstory."
11,In Search of the Castaways,One night he saw first mate Ayrton secretly meet slave-traders; while shadowing them he was slashed across the left forearm with a dagger.,0,0,"Logic Audit: The Context identifies Ayrton's rank as ""quartermaster"" of the *Britannia* multiple times (Entity: Ayrton; Document Chunk 1: ""Tom Ayrton... was engaged as quartermaster""). The Backstory identifies him as ""first mate."" Furthermore, the Context describes the specific event of shadowing Ayrton: Major MacNabb shadowed Ayrton and his accomplices (convicts, not slave-traders) and returned to camp unharmed to reveal Ayrton's identity (Document Chunk 3). Following this revelation, Ayrton shot Glenarvan with a revolver, resulting in a bullet wound to the shoulder/forearm (Document Chunk 2).

Verdict: CONTRADICT

Reasoning: 
1. **Rule 2 (Attribute Exclusivity):** The Backstory identifies Ayrton as ""first mate,"" which contradicts the Context's explicit and repeated identification of Ayrton as the ""quartermaster."" These are distinct naval ranks and mutually exclusive roles for the same character on the same ship (*Britannia*).
2. **Rule 3 (Factual Negation):** The Backstory asserts the observer was ""slashed across the left forearm with a dagger"" while shadowing. This contradicts the Context in two ways: first, the person who shadowed Ayrton (Major MacNabb) was not injured during the act; second, the only relevant injury described in this sequence is Glenarvan being shot by a ""bullet"" from a ""revolver,"" not slashed by a dagger. The nature of the weapon and the circumstances of the injury described in the Backstory are factually negated by the Context's detailed account of the confrontation."
65,In Search of the Castaways,"British officers marvelled that he handled canoe, coast and jungle with equal ease, shuttling supplies and so preparing his later berth on the Dartmouth.",1,1,"Logic Audit: The Backstory describes a male individual's proficiency with a ""canoe,"" ""coast,"" and ""jungle,"" his role in ""shuttling supplies,"" and a future ""berth on the Dartmouth."" The Retrieval Context identifies several vessels (the *Duncan*, *Britannia*, *Macquarie*, and *Scotia*) and mentions the use of ""canoes"" for river navigation and escape. It also details characters like Ayrton (a quartermaster responsible for logistics/supplies) and Captain Mangles (a skilled navigator).

Verdict: CONSISTENT

Reasoning: The Retrieval Context is silent regarding the ship *Dartmouth* and the specific observations of ""British officers."" However, according to Rule 4 (The Open World Assumption), the absence of evidence is not evidence of contradiction. The context establishes that canoes are a viable and utilized mode of transport in the regions described (New Zealand/Waikato River), and characters within the narrative possess the maritime and logistical skills (shuttling supplies, navigating coasts) mentioned in the Backstory. Since the Context does not assert that the *Dartmouth* does not exist or that the character's actions are impossible, the two accounts are logically compatible."
66,In Search of the Castaways,"Lord Glenarvan met him briefly at a London Royal Geographical Society dinner, was struck by his encyclopaedic knowledge of mountains and seas and hired him at once as guide for the South-American interior.",0,0,"Logic Audit: The Backstory claims that Lord Glenarvan hired a guide with ""encyclopaedic knowledge"" and ties to the ""Royal Geographical Society"" at a London dinner specifically for the South-American interior. However, the Retrieval Context identifies this character as Jacques Paganel (Secretary of the Geographical Society of France) and explicitly states that he boarded Lord Glenarvan's ship, the *Duncan*, by mistake.
Verdict: CONTRADICT
Reasoning: According to the Retrieval Context (specifically the section ""Paganel's Disclosure"" and the description of his boarding), Jacques Paganel intended to travel to India on a vessel called the *Scotia* to fulfill a mission for his geographical society. He boarded the *Duncan* due to ""the height of absent-mindedness"" and only discovered he was on the wrong ship (and heading to South America/Chili instead of India) after the vessel had already sailed. The Context describes this as an ""extraordinary adventure, which would not have happened but for [Paganel's error]."" This directly negates the Backstory's claim that he was intentionally met and hired by Glenarvan at a London dinner to serve as a guide. This is a violation of Rule 3 (Factual Negation), as the two accounts of how the guide joined the expedition are mutually exclusive."
34,In Search of the Castaways,He found ship’s papers that mentioned an illicit Australian land deal by a British peer and planned to trade the information for a pardon.,1,0,"Logic Audit: The Context identifies the ""information"" traded by the quartermaster (Ayrton) for his ""pardon"" (being exiled to a Pacific island rather than a penal colony) as his confession regarding his mutiny on the *Britannia* and his identity as the convict leader Ben Joyce.
Verdict: CONTRADICT
Reasoning: This violates **Rule 3 (Factual Negation)**. The Backstory asserts that the information traded for a pardon concerned an ""illicit Australian land deal by a British peer"" found in ship's papers. However, the Retrieval Context explicitly details the exchange: Ayrton surrenders his ""revelations and disclosures"" regarding his mutiny against Harry Grant and his attempt to ""appropriate the Duncan"" in exchange for Lord Glenarvan's word that he ""shall be landed at one of the islands of the Pacific."" The Context specifies that the ""ship's papers"" involved (Captain Grant's Contract) were used to confirm Ayrton's identity as a quartermaster, not to expose a land deal. Because the Context provides a specific, mutually exclusive account of the information used in the negotiation, the Backstory's version is logically negated."
43,In Search of the Castaways,"Suspected of colluding with the enemy, he panicked, slipped away in a lifeboat under darkness and fled to the Southern Hemisphere.",0,0,"Logic Audit: Availability of escape craft and method of departure from the ship *Britannia*.
Verdict: CONTRADICT
Reasoning: The Backstory asserts that the individual ""slipped away in a lifeboat"" to reach his destination. However, the Retrieval Context explicitly states that during the shipwreck of the *Britannia* (the event involving Ayrton's arrival and subsequent movements in the Southern Hemisphere"
29,In Search of the Castaways,The night before the mate was hanged he pressed a dagger engraved with his family crest into the boy’s hand.,1,1,"Logic Audit: The Retrieval Context identifies several individuals with the rank of ""mate"" (Tom Austin, Mr. Burdness, and Tom) and a ""boy"" (Robert Grant). It also mentions a ""poniard"" (a type of dagger) and describes the character Ben Joyce as a ""rascal worth hanging."" However, the context is silent regarding an actual execution by hanging or a specific scene involving the transfer of an engraved dagger.
Verdict: CONSISTENT
Reasoning: The backstory describes a specific event (a mate giving a boy a crested dagger before being hanged) that is not explicitly mentioned in the provided context. However, under **Rule 4 (The Open World Assumption)**, the absence of evidence is not evidence of a contradiction. The context does not state that no mate was ever hanged, nor does it provide a contradictory fate for all ""mates"" mentioned (e.g., it does not state that Tom Austin died of old age, which would preclude him being hanged). Furthermore, the context confirms the existence of the necessary components—mates, boys, and daggers—making the event logically possible within the narrative gaps."
69,In Search of the Castaways,"At seventeen he was poisoned by an uncle during a succession struggle; manuka-bark saved him and left his nature darker. To obtain powder against the colonists he led thirty warriors against the French merchantman Amethyst, seized flint-lock muskets and picked up basic French, then discovered the captain selling Maori slaves and sacrificed every prisoner to the volcano-god.",1,1,"Logic Audit: The status of ""French"" interactions and the ""Chief's"" fate.
Verdict: CONSISTENT
Reasoning: 
1. **Rule 4 (Silence):** The Context is silent regarding the specific name of the vessel (*Amethyst*), the chief's childhood poisoning, or the use of manuka-bark. Under the Open World Assumption, these details"
50,In Search of the Castaways,He saved an old shepherd bitten by a viper; in gratitude the man gave him a secret map of pampas water-holes and taught him that a guide’s duty is to keep life moving.,1,1,"Logic Audit: The Context identifies Thalcave as a ""Patagonian Indian who serves as a guide"" with a ""deep understanding of the local environment"" and knowledge of ""water supply"" (e.g., Guamini River, Lake Salinas). The Context also confirms the presence of vipers (""cholinas"") in the region. While the Context describes a specific instance where a water source (Lake Salinas) was found to be dry due to extreme evaporation, it does not provide a universal negative regarding the existence of other water-holes or the tools used to find them.

Verdict: CONSISTENT

Reasoning: The Backstory provides a specific origin for the guide's knowledge (saving a shepherd from a viper and receiving a map). The Context is entirely silent regarding Thalcave’s past history or the specific source of his geographical expertise, other than noting his proficiency. According to Rule 4 (The Open World Assumption), because the Context does not explicitly contradict the event of saving a shepherd or the possession of a map, these details are logically possible. Furthermore, the presence of vipers in the Context supports the environmental plausibility of the Backstory. There are no violations of Categorical Unavailability (Rule 1), Attribute Exclusivity (Rule 2), or Factual Negation (Rule 3)."
5,In Search of the Castaways,"During an Algerian geological survey he shielded a box of specimens in a sand-storm, was struck on the head and afterwards often mixed up dates and directions.",1,1,"Logic Audit: The Backstory attributes the character's (Paganel's) absent-mindedness and confusion of dates/directions to a specific head injury sustained during an Algerian geological survey. The Retrieval Context identifies Paganel as a geographer and explicitly notes he is ""noted for his absent-mindedness.""

Verdict: CONSISTENT

Reasoning: The Retrieval Context confirms that Paganel is a geographer and possesses the trait of absent-mindedness, which aligns with the behavioral outcomes described in the Backstory (mixing up dates and directions). While the Context does not explicitly mention the Algerian survey or the head injury, it does not provide a conflicting origin for his absent-mindedness or state that he has never been to Algeria. According to Rule 4 (The Open World Assumption), the absence of this specific biographical detail in the Context does not constitute a contradiction. The Backstory functions as a compatible explanation for the character traits established in the Context."
39,In Search of the Castaways,"After discharge he adopted the alias Ben Joyce and shipped on the Liverpool–Lisbon trader, forming a mentor-friend bond with Captain Dewey and second mate Eddie.",0,1,"Logic Audit: The Context identifies ""Ben Joyce"" as an alias used by the character Ayrton, a former quartermaster of the *Britannia* and a notorious convict leader in Australia. The Context is entirely silent regarding a ""Liverpool–Lisbon trader,"" a ""Captain Dewey,"" a ""second mate Eddie,"" or any event involving a ""discharge"" followed by shipping on a trader under that"
19,In Search of the Castaways,Because he spoke both French and English he was posted to a Mediterranean merchant fleet where he learned basic seamanship and celestial navigation.,1,1,"Logic Audit: The Context identifies John Mangles as a ""skilled sailor"" and ""captain"" (Entity: Captain Mangles) and Jacques Paganel as a ""learned geographer"" (Entity: Jacques Paganel). It also confirms that Paganel is French and communicates with Mangles in French (Relationship: Captain Mangles and Paganel). The Context is silent regarding the specific early career history or the geographic location (Mediterranean) where these skills were acquired.

Verdict: CONSISTENT

Reasoning: The Backstory provides a specific origin for skills (seamanship, navigation, and bilingualism) that are fundamentally aligned with the roles of the characters described in the Context. John Mangles is a captain, which necessitates the seamanship and navigation mentioned. Paganel is a French geographer, and the interaction between them involves both French and English contexts. While the Context does not explicitly mention a ""Mediterranean merchant fleet,"" it does not provide a conflicting biography or state that such a posting was impossible. According to Rule 4 (The Open World Assumption), because the Context is silent on the specific details of the character's early training, the Backstory is logically permissible."
71,In Search of the Castaways,"During the north-island war he let troops burn an empty village, lured them into a swamp and battered them with captured European cannon; the victory won him the name “Bone-Eater,” but shrapnel crippled his left leg and he thereafter leaned on a peach-wood staff carved with sea-monster totems.",0,1,"Logic Audit: The character identified as ""Bone-Eater"" in the Backstory corresponds to the entity **Kai-Koumou** in the Retrieval Context, whose name is explicitly translated as ""he who eats the limbs of his enemy."" The Context describes Kai-Koumou as a ""formidable"" Maori chief involved in a conflict where his tribe was ""driven back by the British troops"" in New Zealand (the North Island). While the Context mentions specific weapons (guns, lance, hatchet) and describes him as a ""skilled navigator,"" it is entirely **silent** regarding the specific tactical details of the swamp ambush, the use of captured European cannon, the shrapnel injury to his left leg, or the possession of a peach-wood staff.

Verdict: **CONSISTENT**

Reasoning: The Backstory provides specific biographical details that are not present in the Retrieval Context but do not contradict it. Under **Rule 4 (The Open World Assumption)**, because the Context is silent regarding the character's specific physical injuries (the crippled leg) and his personal accessories (the peach-wood staff), these details are considered logically possible. The description of Kai-Koumou as a ""formidable"" and ""skilled navigator"" does not mutually exclude having a leg injury, as navigation of a canoe is primarily an upper-body and balance-based skill. Furthermore, the Context confirms the character's name meaning and his involvement in a losing war against the British, which provides a compatible framework for the Backstory's claims about how he earned his name and sustained his injuries. No rules of categorical unavailability or factual negation are violated."
26,In Search of the Castaways,"Born in Liverpool’s slums to an alcoholic sailor father and a mother who died of tuberculosis while he was young, he watched his father be transported for smuggling and then endured an orphanage where nuns pilfered relief supplies, teaching him to despise authority.",1,0,"Logic Audit: The Backstory describes the subject's father as an alcoholic sailor transported for smuggling and the subject's upbringing in an orphanage in Liverpool where nuns pilfered supplies. The Retrieval Context identifies the primary ""orphans"" of the narrative as Robert and Mary Grant and provides a detailed history of their father, Harry Grant, and their upbringing.

Verdict: **CONTRADICT**

"
6,In Search of the Castaways,"In a Marseille waterfront bar he met young Captain Grant; a fierce argument over Magellan Strait tides almost came to blows, but ended in mutual respect and an exchange of pocket-watches.",1,1,"Logic Audit: 
- **Entity (Captain Grant):** The Context identifies Captain Grant as a ""hardy sailor,"" ""skipper,"" and ""confident"" individual with a history of maritime travel starting before 1861.
- **Location (Strait of Magellan):** The Context confirms the Strait of Magellan is a ""significant geographical feature"" that the expedition navigates, noting its ""deep water"" and specific navigational challenges.
- **Concept (Tide):** The Context defines tides as a ""natural phenomenon affecting the characters' ability to navigate.""
- **Interaction (Marseille/Watch Exchange):** The Context is silent regarding Captain Grant's specific social interactions in Marseille or the possession of a pocket-watch.

Verdict: CONSISTENT

Reasoning: The backstory describes a meeting and a professional disagreement regarding maritime navigation (tides in the Strait of Magellan) between the narrator and Captain Grant. The Context supports the premise that Captain Grant is a professional mariner and that the Strait of Magellan is a relevant, navigable location within his sphere of activity. Although the Context does not explicitly mention a trip to Marseille or an exchange of watches, Rule 4 (The Open World Assumption) states that silence on a specific detail does not constitute a contradiction. The attributes assigned to Grant in the backstory (being a captain and having knowledge of tides"
76,In Search of the Castaways,"He carried a European pocket-watch taken from the French mate, its inner lid holding a lock of Julia’s hair, which explained both his grasp of mechanical time and his disgust for Christian objects.",1,1,"Logic Audit: The Context identifies ""Maté"" exclusively as a South American beverage (`{""entity"": ""Maté"", ""type"": ""content"", ""description"": ""Maté is a traditional South American drink...""}`). The Backstory refers to a ""French mate"" as a person (a ship's officer) from whom a watch was taken. Additionally, the Context is silent regarding any character"
17,In Search of the Castaways,"His father died early; his mother remarried a French officer, so the boy grew up fluent in English and French, later adding Spanish from an English tutor.",0,0,"Logic Audit: The Backstory claims the boy's father ""died early."" However, the Retrieval Context (Entity: Harry Grant, Robert Grant) identifies Harry Grant as Robert's father and details a massive search expedition that successfully finds him alive on an island. Furthermore, the Backstory claims the boy added Spanish from an ""English tutor,"" while the Context (Document Chunk 4) shows Robert asking Paganel during the journey, ""How do you say 'It is my father,' in Spanish?"" which indicates he was not proficient in the language prior to the expedition.

Verdict: CONTRADICT

Reasoning: 
1. **Rule 2 (Attribute Exclusivity):** The Backstory asserts the father is dead (""died early""). The Context explicitly identifies the father (Harry Grant) as alive, describing his survival after a shipwreck and his eventual rescue. An entity cannot be both ""dead early"" and ""found alive"" at the conclusion of the narrative.
2. **Rule 3 (Factual Negation):** The Backstory claims the boy was already tutored in Spanish. The Context provides a specific event where the boy must ask for a translation of a basic phrase (""It is my father"") while on the journey, directly negating the claim of prior Spanish acquisition."
20,In Search of the Castaways,After a failed attempt to save a drowning comrade he was injured; the naval commander’s praise when he recovered left him with a strong sense of duty toward rescue.,1,1,"Logic Audit: The Backstory describes a motivational origin for a character's ""sense of duty toward rescue,"" involving a past injury sustained during a failed drowning rescue and subsequent praise from a naval commander. The Retrieval Context focuses on the current expedition to rescue Captain Grant and details various characters' traits and specific injuries (such as Mulready’s poniard wound).

Verdict: CONSISTENT

Reasoning: The Backstory is consistent with the Retrieval Context under **Rule 4 (The Open World Assumption)**. While the Context does not explicitly mention a past drowning rescue attempt or a naval commander's praise, it is silent regarding the characters' comprehensive pre-expedition histories. The resulting attribute described in the Backstory—a ""strong sense of duty toward rescue""—is logically aligned with the characterization of Captain Mangles, who is described as having a ""strong sense of responsibility"" and being ""committed to the safety and well-being of his crew and passengers."" Because the Context does not provide a biography that excludes military service or prior injuries, the Backstory functions as a non-contradictory supplemental history."
10,In Search of the Castaways,While recording thirty-two dialects along the Murray River he was expelled by British colonists; after his notes were burned he vowed to “measure every hidden truth with my own feet.”,1,1,"Logic Audit: The Retrieval Context confirms the existence of the ""Murray River"" (Document Chunk 1) and the ""District of Murray"" (Entity: District of Murray). It also establishes the presence of ""British colonists"" (Document Chunk 2) and their historical interactions with the ""Aborigines"" (Entity: Aborigines) in that region. Furthermore, the context features a geographer, Paganel, who is characterized as ""studious"" and ""knowledgeable"" (Entity: Paganel), fitting the profile of someone who would record dialects.

Verdict: CONSISTENT

Reasoning: The backstory describes a specific set of events (recording 32 dialects, being expelled by colonists, and the burning of notes) within a geographical and cultural setting that is explicitly supported by the Retrieval Context. 
1. **Rule 4 (Silence):** While the context does not explicitly mention the specific act of recording ""thirty-two dialects"" or the ""burning of notes,"" it does not negate these possibilities. According to the Open World Assumption, the absence of this specific detail in the context is not evidence of a contradiction.
2. **Rule 1 & 2:** There are no categorical prohibitions or mutually exclusive attributes in the context that would prevent a scholar or traveler from being in the Murray River region or interacting with colonists in the manner described. The context actually reinforces the plausibility of the setting by mentioning the ""cruelties"" of early colonists and the ""reserve for the blacks"" in the Murray district."
62,In Search of the Castaways,"Loss turned him taciturn, acting more than speaking; he felt deep pity for sufferers and stayed calmly watchful toward oppressors.",1,1,"Logic Audit: The Backstory describes a character profile defined by taciturnity resulting from loss, a preference for action over speech, empathy for sufferers, and a calm watchfulness toward oppressors. The Retrieval Context identifies several characters who embody these specific traits. Mr. Olbinett is explicitly noted to have suffered a ""personal loss"" (the death of his wife). Ayrton is described as ""unmoved,"" ""obstinate,"" and ""silent"" (taciturn) during questioning. Thalcave is characterized by his ""gentle demeanor"" and ""sympathy"" (pity for sufferers) while remaining ""motionless,"" ""stern,"" and ""calm"" in dangerous situations (watchful). 

Verdict: CONSISTENT

Reasoning: The attributes described in the Backstory (taciturnity, empathy, calmness) are present across various entities in the Knowledge Graph (Ayrton, Thalcave, Mr. Olbinett). There is no statement in the Context that asserts a universal absence of these traits or a contradictory reaction to loss (Rule 1 & Rule 2). Furthermore, the Context is silent on the specific internal monologue of every character, but the observable behaviors described—such as Ayrton's silence and Thalcave's calm defense against threats—align with the Backstory's logic. Under the Open World Assumption (Rule 4), the Backstory is a logically valid characterization within the established narrative framework."
36,In Search of the Castaways,Ritual disguise: the Bible-quoting habit he had picked up as a mission pupil became a mask for his emotions.,1,1,"Logic Audit: The Retrieval Context confirms the existence of the ""Bible"" (used by Mary Grant for comfort and provided to Ayrton for his isolation) and the presence of ""Missionaries"" (specifically Missionary Krick). However, the context is silent regarding any specific character's history as a ""mission pupil"" or a habit of ""Bible-quoting"" used to mask emotions.

Verdict: CONSISTENT

Reasoning: The Backstory provides a specific character detail regarding a past upbringing and a psychological coping mechanism. While the Retrieval Context does not explicitly mention this habit or the character's history as a mission pupil, it does establish that Bibles and missionaries are part of the narrative's world. Under Rule 4 (The Open World Assumption), the context is a subset of the world; the absence of evidence regarding this specific behavioral trait is not evidence of a contradiction. There are no statements in the context that categorically deny characters have mission-based educations or religious habits."
73,In Search of the Castaways,"Finding missionaries wrapping opium in Bible pages, he ordered every book burned except the sheepskin map showing ancestral migration routes.",1,1,"Logic Audit: The Retrieval Context identifies multiple books and maps in the possession of the characters (e.g., ""Cervantes' works,"" ""map of New Zealand,"" ""Map of South America,"" and ""maps with which he covered the cabin-table""). The Backstory describes a specific event where a character ""ordered every book burned except the sheepskin map."" 

Verdict: CONSIST"
25,In Search of the Castaways,On the eve of sailing aboard Duncan he met ex-General von Wallace and obtained notes on South-American inland geography and native customs.,1,1,"Logic Audit: The Retrieval Context describes the preparations and departure of the *Duncan* from Glasgow on August 24th and 25th, including a religious service at Saint Mungo Cathedral. It is silent regarding the existence of an ""ex-General von Wallace"" or any specific meeting held to obtain geographical notes.

Verdict: CONSISTENT

Reasoning: According to Rule 4 (The Open World Assumption), the context is a subset of the narrative world and not an exhaustive account of every interaction. The absence of ""ex-General von Wallace"" or the specific mention of obtaining notes in the Retrieval Context does not negate the possibility of these events occurring. Since the Context does not provide a minute-by-minute itinerary that would physically preclude a meeting on the ""eve of sailing,"" and there is no Rule 1 (Categorical Unavailability) or Rule 3 (Factual Negation) applied to the acquisition of geographical information, the backstory remains logically possible."
57,In Search of the Castaways,"Early trauma: at seven his father vanished in a local uprising, at nine his mother died of illness; a banished Jesuit, Father Leclere, raised him in a mountain mission.",1,0,"Context:* Harry Grant (father) vanished after the *Britannia* set sail in 1861 (maritime disappearance).
        *Backstory:* Father vanished in a local uprising.
        *Verdict:* Contradict (Rule 3).

    *   Logic Audit: Upbringing and Father's Fate.
    *   Context: Robert Grant was raised by his sister"
4,In Search of the Castaways,"Sitting in on lectures uninvited, he was thrown out after shouting “The secret is on the 37th southern parallel!” while the professor explained Earth’s equatorial bulge.",1,1,"Logic Audit: The backstory describes an individual shouting about the ""37th southern parallel"" during a lecture. The Retrieval Context identifies Jacques Paganel as a geographer and member of the Geographical Society of Paris who is defined by his obsession with the 37th parallel and his ""phenomenal"" absent-mindedness and eccentric blunders.

Verdict: CONSISTENT

Reasoning: 
1. **Attribute Alignment:** The context establishes Paganel as a geographer who frequently experiences ""distractions"" and makes public errors (such as learning the wrong language or boarding the wrong ship). Shouting a geographical theory (""The secret is on the 37th southern parallel!"") during a lecture is logically consistent with the character's established personality and professional focus.
2. **Open World Assumption (Rule 4):** While the context does not explicitly mention this specific lecture incident, it is silent regarding Paganel's behavior in Paris prior to the expedition. Since the context does not provide a complete biography that excludes such an event, and the behavior matches the character's known traits, the event is logically possible.
3. **No Factual Negation:** There are no statements in the context asserting that Paganel never attended lectures or that he was always well-behaved in academic settings. Therefore, there is no violation of Rule 3.

Would you like a summary of the next segment of the text?"
40,In Search of the Castaways,"Skilled in shipboard medicine, he secretly stitched soldiers’ wounds yet distrusted shipmates, keeping a mental log and cultivating a “save-yourself-first” instinct.",1,1,"Logic Audit: The Context identifies several characters with specific roles: Captain Mangles (Captain), Ayrton (Quartermaster), Olbinett (Steward), and MacNabb (Major). While the Context describes MacNabb as the individual who ""skillfully"" dresses wounds (specifically Mulready’s), it does not define a formal ""shipboard medic"" role for any character. Furthermore,"
45,In Search of the Castaways,"Watching natives slaughtered in a raid re-awakened his conscience: he cached weapons, torched the trader and raised a stone marker beside the blaze to record his regret and repentance.",0,1,"Logic Audit: The Retrieval Context identifies **Ayrton** (also known by the alias **Ben Joyce**) as a character with a criminal history (""notorious criminal,"" ""leader of a band of convicts"") who spent two years among **Natives** (""prisoner of a native tribe""). The context also mentions a ""tribunal concerning Ayrton's actions,"" implying a process of accounting for his past"
54,In Search of the Castaways,"He briefly loved Chilean doctor Mariana, who wanted him to settle down but was refused; she died nursing cholera-stricken Indians. When he burned her belongings he kept the brass compass she had given him.",1,1,"Logic Audit: The Retrieval Context provides details regarding the expedition to find Captain Grant, including the characters' travels through Chile, their interactions with indigenous groups (Indians/Patagonians), and their personal traits. However, the Context is entirely silent regarding a character named Mariana, a cholera outbreak, or the specific acquisition of a brass compass from a Chilean doctor.

Verdict: CONSISTENT

Reasoning: The Backstory is consistent with the Retrieval Context under **Rule 4 (The Open World Assumption)**. The Context describes the current events of the search for Captain Grant and provides brief descriptions of the characters' roles and temperaments, but it does not provide an exhaustive biography or a complete history of their past romantic lives. Since the Context does not explicitly state that the characters have never been to Chile before or that they never possessed a brass compass, the details in the Backstory do not contradict any established facts. There is no **Factual Negation (Rule 3)** or **Attribute Exclusivity (Rule 2)** present because the Context does not offer a conflicting account of the subject's past or the existence of the compass."
8,In Search of the Castaways,While being helped by a native tribe he won their trust by sketching star-maps and in return learned tracking techniques and herbal lore.,1,0,"Logic Audit: The nature of the relationship and interaction between the character and the native tribe.

Verdict: CONTRADICT

Reasoning: 
1. **Attribute Exclusivity (Rule 2):** The Backstory characterizes the interaction with the native tribe as a relationship of mutual benefit and ""trust,"" where the character provided star-maps in exchange for ""tracking techniques and herbal lore."" However, the Retrieval Context (Document Chunk 1) explicitly defines Ayrton’s time with the native tribe as ""painful slavery"" and a ""wretched existence"" where he was a ""prisoner."" The attribute of being a ""trusted"" collaborator is logically incompatible with the attribute of being a ""slave"" in a ""miserable"" condition.
2. **Factual Negation (Rule 3):** The Backstory asserts that the character ""won their trust."" The Context (Document Chunk 1) states that the character had to ""elude the vigilance of the natives"" to escape. If trust had been won to the point of a reciprocal exchange of specialized lore, the character would not be described as a prisoner needing to elude ""vigilance"" (watchful oversight against escape). 
3. **Role Reversal:** The Context identifies Thalcave (a native) as the source of tracking and environmental knowledge for the group, while Ayrton (the one who lived with a tribe) is described as having survived on ""roots, edible ferns, and"
32,In Search of the Castaways,"During clashes between tribe and settlers he steered both sides toward mutual ruin, then welded the survivors into an underground intelligence web that straddled the two worlds.",1,1,"Logic Audit: The Context confirms the existence of ""clashes between tribe and settlers"" (specifically the Maori people and European/British forces) and describes the tribes as being ""vanquished and weakened"" after ""obstinate resistance,"" which aligns with the backstory's premise of ""mutual ruin."" The Context also establishes the existence of two distinct ""worlds"" (the indigenous Maori society and the European settlers/navigators). While the Context is silent regarding a specific individual steering these sides toward ruin or the formation of an ""underground intelligence web,"" it does not contain any information that categorically precludes these events.

Verdict: CONSISTENT

Reasoning: The backstory describes a specific set of actions and an outcome (the creation of an intelligence web) that are not mentioned in the Retrieval Context. However, under **Rule 4 (The Open World Assumption)**, the absence of evidence is not evidence of contradiction. The Context provides a compatible environment—violent conflict between indigenous tribes and European settlers—where such a backstory could logically exist. Since the Context does not explicitly state that no such intelligence web existed or that the survivors were not organized in such a manner, the backstory remains logically possible within the established framework."
14,In Search of the Castaways,Mutual recognition with Major McNabbs: both had lived among the Charrúa and confirmed their identities by exchanging certain hand signs.,0,1,"Logic Audit: The Retrieval Context provides a detailed account of how Major MacNabb recognized the identity of the antagonist (Ayrton/Ben Joyce) in the ""Document Chunks"" (specifically the first chunk). It attributes the recognition to MacNabb's ""suspicions"" based on ""insignificant circumstances"" (glances, hesitations, the death of animals) and a specific event"
63,In Search of the Castaways,With the rescue squad he learned enough nautical English to converse with Captain Horace and the sailors.,0,1,"Logic Audit: The Retrieval Context identifies several specific captains (Captain Mangles, Captain Grant, Captain Burton, and Will Halley) and various groups (the expeditionary party, the crew of the *Duncan*, and the sailors of the *Britannia*). It does not contain any mention of an entity named ""Captain Horace"" or a specific ""rescue squad"" tasked with language instruction.

Verdict: **CONSISTENT**

Reasoning: According to **Rule 4 (The Open World Assumption)**, the Retrieval Context is a subset of the narrative and not an exhaustive account of all characters or events. The context is silent regarding the existence of ""Captain Horace"" and the specific detail of a character learning ""nautical English"" from a ""rescue squad."" Because the context does not explicitly state that such a captain does not exist (Rule 1) or provide a conflicting account of how the character learned English (Rule 3), the backstory is logically possible within the gaps of the provided information."
41,In Search of the Castaways,"In Lisbon he unwittingly helped a black-marketeer dodge duty, was introduced to Duncan’s smuggling ring and, using his sea-craft, slipped past patrols several times; guilt nibbled at him yet profit lured him deeper.",1,1,"van... central to the narrative of the voyage in search of Captain Grant.""
    *   Backstory: ""introduced to Duncan’s smuggling ring.""
    *   If the Backstory implies the *yacht* Duncan is a smuggling vessel, this conflicts with the Context's description of it as a ""pleasure vessel"" and ""yacht of significant importance"" for a ""voyage"
23,In Search of the Castaways,"After his mother died she entrusted him with the care of his toddler half-brother; the child was later taken to Europe by the French stepfather and never heard from again, leaving Paganel with a lifelong dread of “separation by life and death.”",1,1,"Logic Audit: The Retrieval Context provides a detailed account of Jacques Paganel’s professional identity (Secretary of the Geographical Society of Paris), his personality (absent-minded, enthusiastic, studious), and his actions during the expedition to find Captain Grant. However, the Context is entirely silent regarding Paganel’s family history, his mother’s death, the existence of a half-brother, or a"
48,In Search of the Castaways,"Passing as a half-caste gaucho he worked on a ranch, picked up Spanish and the settlers’ rules, yet guarded his tribe’s herb lore and nature beliefs.",1,1,"Logic Audit: The backstory describes a character's identity (half-caste gaucho), skills (Spanish language, settlers' rules), and cultural preservation (tribe’s herb lore). The Retrieval Context confirms the existence of ""Gauchos"" (Entity: Gauchos), the ""Spanish Language"" (Entity: Spanish Language), and indigenous ""Indians"" with specific knowledge of the land (Entity: Thalcave). Furthermore, the context explicitly mentions ""guassos,"" described as children of Indians and Spanish (Document Chunk 2), which aligns with the ""half-caste"" attribute.

Verdict: CONSISTENT

Reasoning: The backstory describes a set of attributes and experiences that are entirely compatible with the world established in the Retrieval Context. The context confirms that Gauchos and mixed-race individuals (""guassos"") inhabit the region, that Spanish is a primary language of communication among settlers and some natives, and that indigenous figures (like Thalcave) maintain deep connections to nature and local lore. Since the context does not provide a universal negative regarding such individuals or their ability to work on ranches (Rule 1) and contains no facts that negate the possibility of a character ""passing"" as a gaucho while guarding tribal secrets (Rule 4), the backstory is logically consistent with the provided data."
